-- MySQL dump 10.13  Distrib 8.0.22, for Win64 (x86_64)
--
-- Host: localhost    Database: auto
-- ------------------------------------------------------
-- Server version	8.0.22

/*!40101 SET @OLD_CHARACTER_SET_CLIENT=@@CHARACTER_SET_CLIENT */;
/*!40101 SET @OLD_CHARACTER_SET_RESULTS=@@CHARACTER_SET_RESULTS */;
/*!40101 SET @OLD_COLLATION_CONNECTION=@@COLLATION_CONNECTION */;
/*!50503 SET NAMES utf8 */;
/*!40103 SET @OLD_TIME_ZONE=@@TIME_ZONE */;
/*!40103 SET TIME_ZONE='+00:00' */;
/*!40014 SET @OLD_UNIQUE_CHECKS=@@UNIQUE_CHECKS, UNIQUE_CHECKS=0 */;
/*!40014 SET @OLD_FOREIGN_KEY_CHECKS=@@FOREIGN_KEY_CHECKS, FOREIGN_KEY_CHECKS=0 */;
/*!40101 SET @OLD_SQL_MODE=@@SQL_MODE, SQL_MODE='NO_AUTO_VALUE_ON_ZERO' */;
/*!40111 SET @OLD_SQL_NOTES=@@SQL_NOTES, SQL_NOTES=0 */;

--
-- Table structure for table `auto`
--

DROP TABLE IF EXISTS `auto`;
/*!40101 SET @saved_cs_client     = @@character_set_client */;
/*!50503 SET character_set_client = utf8mb4 */;
CREATE TABLE `auto` (
  `id` int NOT NULL AUTO_INCREMENT,
  `brand` varchar(45) NOT NULL,
  `model_group` varchar(45) NOT NULL,
  `model` varchar(45) NOT NULL,
  `Suppliers_id` int unsigned NOT NULL,
  `Warehouse_id` int NOT NULL,
  PRIMARY KEY (`id`),
  KEY `fk_Auto_Suppliers_idx` (`Suppliers_id`),
  KEY `fk_Auto_Warehouse1_idx` (`Warehouse_id`),
  CONSTRAINT `fk_Auto_Suppliers` FOREIGN KEY (`Suppliers_id`) REFERENCES `suppliers` (`id`),
  CONSTRAINT `fk_Auto_Warehouse1` FOREIGN KEY (`Warehouse_id`) REFERENCES `warehouse` (`id`)
) ENGINE=InnoDB AUTO_INCREMENT=33 DEFAULT CHARSET=utf8;
/*!40101 SET character_set_client = @saved_cs_client */;

--
-- Dumping data for table `auto`
--

LOCK TABLES `auto` WRITE;
/*!40000 ALTER TABLE `auto` DISABLE KEYS */;
INSERT INTO `auto` VALUES (1,'KIA','Rio','Classic audio 1.4 MT',2,1),(2,'NISSAN','X-Trail MC','MY20 2.0L P 2WD MT XE',1,1),(3,'NISSAN','Terrano','MY19 1.6 M/T 2WD Comfort',1,1),(4,'NISSAN','X-Trail MC','MY20 2.0L P 4WD CVT SE',1,1),(5,'NISSAN','Terrano','MY19 2.0 M/T 4WD Elegance',1,1),(6,'KIA','xCeed','PRESTIGE 1.4 DCT',2,1),(7,'KIA','Rio','COMFORT 1.6 MT (NEW)',2,1),(8,'KIA','Rio','LUXE 1.6 MT (NEW)',2,1),(9,'KIA','Rio','LUXE 1.6 AT (NEW)',2,1),(10,'KIA','Rio','PREMIUM 1.6 AT (NEW)',2,1),(11,'NISSAN','Qashqai MC','MY20 2.0L P 2WD CVT SE',1,1),(12,'NISSAN','Qashqai MC','MY20 2.0L P 4WD CVT SE Top',1,1),(13,'NISSAN','Qashqai MC','MY20 2.0L P 2WD 6M/T SE',1,1),(14,'NISSAN','Murano New','MURANO PETROL 4WD 3.5  CVT TOP PLUS',1,1),(15,'KIA','K5','PRESTIGE 2.0 AT K5',2,1),(16,'KIA','Rio 5dr','COMFORT 1.6 AT',2,1),(17,'KIA','Rio 5dr','COMFORT 1.4 MT',2,1),(18,'KIA','Rio','COMFORT 1.6 AT (NEW)',2,1),(19,'KIA','Rio','STYLE 1.6 AT (NEW)',2,1),(20,'KIA','Sportage','Comfort 4WD 2.0 AT',2,1),(21,'NISSAN','Terrano','MY19 1.6 M/T 2WD Elegance',1,1),(22,'KIA','Sportage','LUXE 4WD 2.0 AT',2,1),(23,'KIA','Optima','COMFORT 2.0 АТ',2,1),(24,'NISSAN','Murano New','MURANO PETROL 4WD 3.5 CVT HIGH',1,1),(25,'KIA','Soul','COMFORT 1.6 AT',2,1),(26,'KIA','Soul','STYLE 2.0 AT',2,1),(27,'KIA','Cerato','Edition Plus 2.0 AT',2,1),(28,'KIA','Picanto','Comfort 1.0 MT ',2,1),(29,'KIA','MQ4','COMFORT 2.5 AWD AT',2,1),(30,'KIA','Ceed','LUXE 1.6 AT',2,1),(31,'KIA','xCeed','PRESTIGE 1.4 DCT',2,1),(32,'KIA','Ceed SW','PRESTIGE 1.6 AT',2,1);
/*!40000 ALTER TABLE `auto` ENABLE KEYS */;
UNLOCK TABLES;

--
-- Table structure for table `auto_parts`
--

DROP TABLE IF EXISTS `auto_parts`;
/*!40101 SET @saved_cs_client     = @@character_set_client */;
/*!50503 SET character_set_client = utf8mb4 */;
CREATE TABLE `auto_parts` (
  `id` int NOT NULL AUTO_INCREMENT,
  `number` varchar(45) NOT NULL,
  `name` varchar(145) NOT NULL,
  `Suppliers_id` int unsigned NOT NULL,
  `Warehouse_id` int NOT NULL,
  PRIMARY KEY (`id`),
  UNIQUE KEY `number_UNIQUE` (`number`),
  KEY `fk_Auto_parts_Suppliers1_idx` (`Suppliers_id`),
  KEY `fk_Auto_parts_Warehouse1_idx` (`Warehouse_id`),
  CONSTRAINT `fk_Auto_parts_Suppliers1` FOREIGN KEY (`Suppliers_id`) REFERENCES `suppliers` (`id`),
  CONSTRAINT `fk_Auto_parts_Warehouse1` FOREIGN KEY (`Warehouse_id`) REFERENCES `warehouse` (`id`)
) ENGINE=InnoDB AUTO_INCREMENT=71 DEFAULT CHARSET=utf8;
/*!40101 SET character_set_client = @saved_cs_client */;

--
-- Dumping data for table `auto_parts`
--

LOCK TABLES `auto_parts` WRITE;
/*!40000 ALTER TABLE `auto_parts` DISABLE KEYS */;
INSERT INTO `auto_parts` VALUES (1,'803015PA0B','Стекло двери лев.',1,3),(2,'808215PA0A','Уплотнитель',1,3),(3,'402625PA0A','Гайка М20*1,5 ступичная',9,3),(4,'432105PA0A','Задний ступичный подшипник ',10,3),(5,'265905PA0A','Стоп-сигнал',2,3),(6,'876255PA1A','обогрев сиденья',1,3),(7,'844855PA1A','Кольцо',1,3),(8,'402345PA0A','Колпак ступицы',2,3),(9,'472105PA0C','Вакуумный усилитель в сборе',10,3),(10,'441005PA0A','Цилиндр тормозной задний ',10,3),(11,'401105PA0A','Шаровая опора ',11,3),(12,'242255PA1A','ШПЛИНТ 3Х30',1,3),(13,'485105PA0B','ТЯГА РУЛЕВОЙ ТРАПЕЦИИ СБ',10,3),(14,'012235PA0D','Гайка',12,3),(15,'543015PA0B','Аморт. стойка перед. лев.',1,3),(16,'280105PA0A','Магнитола с NAVI',10,3),(17,'805035PA0A','Замок водительской двери',3,3),(18,'011215PA0G','Болт',11,3),(19,'253505PA1A','Кнопка обогрева лобового стекла',1,3),(20,'320055PA0A','Выключатель лампы заднего хода',9,3),(21,'364025PA0A','Трос стояночного тормоза ',2,3),(22,'288405PA0A','ПРИВОД СТЕКЛООЧИСТИТ --> 288405PA0D',2,3),(23,'2532000Q0A','Выключатель стоп сигнала',2,3),(24,'402065PA0G','ДИСК ПЕРЕДНЕГО ТОРМОЗA',2,3),(25,'410115PA0A','Тормозной суппорт передний',11,3),(26,'173315PA0C','Фильтр топливный ',1,3),(27,'021875PA0A','Шланг',1,3),(28,'543255PA0A','Опорный подшипник пер.',2,3),(29,'999ANFRDAT1X','Антифриз  G12 (0,9 литр)',1,3),(30,'168065PA0A','Ремень ГРМ',1,3),(31,'132705PA0A','Прокладка клапанной крышки',1,3),(32,'KE90090042DAT','Масло моторное  5W-40 (5 литров)',2,3),(33,'132295PA1A','Шайба регулировочная 3,60 мм',1,3),(34,'132295PA1C','Шайба регулировочная 3,70 мм',7,3),(35,'132075PA0A','Колпачок',1,3),(36,'110445PA0A','прокладка гбц',11,3),(37,'140365PA0A','Прокладка газопровод',1,3),(38,'132765PA0A','Уплотнительное кольцо болта клапанной крышки',7,3),(39,'012115PA0D','Гайка',11,3),(40,'132025PA0F','Клапан выпускной',7,3),(41,'143305PA0A','скоба',7,3),(42,'487005PA0D','Комплект замков',4,3),(43,'011255PA0D','Болт',11,3),(44,'252605PA0A','Переключатель стеклоочистителя',2,3),(45,'483665PA0A','Гайка М12x1,25',3,3),(46,'432024X00A','Ступица задняя R51 43202EA500 43202ZP80A',2,3),(47,'400730L700','Шплинт пер.ступ. N16ET30P11ECA33',3,3),(48,'G271689900','Уплотнитель стекла  72716N8200',7,3),(49,'2526000Q0K','Подрулевой переключатель',2,3),(50,'K8EF09U09A','Модуль AIR BAG',6,3),(51,'1106500Q0L','Свеча накаливания',11,3),(52,'1106700Q0H','Реле нагрева свечей',11,3),(53,'215074U00A','Крепление радиатора',8,3),(54,'4836600Q0B','Гайка',3,3),(55,'562174AA0A','ВТУЛКА АМОРТИЗАТОРА',8,3),(56,'4026200Q0D','Гайка ступичная',9,3),(57,'4005600Q0A','Болт',4,3),(58,'54588EN00A','Гайка',4,3),(59,'K85FA7997C','Подушка безопасности',5,3),(60,'546134AA0B','Втулка стабилизатора G15',8,3),(61,'848904CM0A','Логотип декоративный',4,3),(62,'888544AA0C','Ремень безопасности',4,3),(63,'KE24161D00NY','Аккумулятор J10 T31 Z51 F15 C13 B441061D0MVA-->KE24161D01NY',8,3),(64,'963654AA1A','Зеркальный элемент',8,3),(65,'80599AX00E','Болт',5,3),(66,'37120JD01A','Болт карданный R51M 371204P00A',12,3),(67,'KE90999943R','Масло NS-3 CVT FLUID (5л.)',3,3),(68,'284384BA5B','Центральный датчик переднего парктроника',9,3),(69,'87050BM05A','СИДЕНЬЕ ВОДИТЕЛЯ',5,3),(70,'3442000Q0H','ВИЛКА КПП',9,3);
/*!40000 ALTER TABLE `auto_parts` ENABLE KEYS */;
UNLOCK TABLES;

--
-- Table structure for table `car_dealerships`
--

DROP TABLE IF EXISTS `car_dealerships`;
/*!40101 SET @saved_cs_client     = @@character_set_client */;
/*!50503 SET character_set_client = utf8mb4 */;
CREATE TABLE `car_dealerships` (
  `id` int unsigned NOT NULL AUTO_INCREMENT,
  `name` varchar(45) NOT NULL,
  `address` varchar(145) NOT NULL,
  `phone` bigint unsigned NOT NULL,
  `region` varchar(45) NOT NULL,
  PRIMARY KEY (`id`),
  UNIQUE KEY `phone_UNIQUE` (`phone`),
  UNIQUE KEY `address_UNIQUE` (`address`)
) ENGINE=InnoDB AUTO_INCREMENT=5 DEFAULT CHARSET=utf8;
/*!40101 SET character_set_client = @saved_cs_client */;

--
-- Dumping data for table `car_dealerships`
--

LOCK TABLES `car_dealerships` WRITE;
/*!40000 ALTER TABLE `car_dealerships` DISABLE KEYS */;
INSERT INTO `car_dealerships` VALUES (1,'NISSAN Казань','Казань, ул. Маршала Чуйкова, 54Б',88432113254,'Казань'),(2,'NISSAN Вологда','Вологда, Копрецовская ул., 35',88172525252,'Вологда'),(3,'NISSAN Санкт-Петербург','Санкт-Петербург, ул. Хошимина, 1',88122106027,'Санкт-Петербург'),(4,'KIA Вологда','Вологда, Окружное ш., 30',88172347541,'Вологда');
/*!40000 ALTER TABLE `car_dealerships` ENABLE KEYS */;
UNLOCK TABLES;

--
-- Table structure for table `managers`
--

DROP TABLE IF EXISTS `managers`;
/*!40101 SET @saved_cs_client     = @@character_set_client */;
/*!50503 SET character_set_client = utf8mb4 */;
CREATE TABLE `managers` (
  `id` int NOT NULL AUTO_INCREMENT,
  `name` varchar(145) NOT NULL,
  `position` varchar(45) NOT NULL,
  `date_of_employment` date NOT NULL,
  PRIMARY KEY (`id`)
) ENGINE=InnoDB AUTO_INCREMENT=15 DEFAULT CHARSET=utf8;
/*!40101 SET character_set_client = @saved_cs_client */;

--
-- Dumping data for table `managers`
--

LOCK TABLES `managers` WRITE;
/*!40000 ALTER TABLE `managers` DISABLE KEYS */;
INSERT INTO `managers` VALUES (1,'Мартяшина Екатерина','менеджер по продажам новых авто','2017-02-17'),(2,'Разгулов Олег','менеджер по продажам новых авто','2017-01-01'),(3,'Сафронов Денис','менеджер по продажам бу авто','2018-03-15'),(4,'Юрченко Никита','менеджер по продажам новых авто','2018-01-01'),(5,'Валеева Ксения','менеджер по продажам бу авто','2018-08-13'),(6,'Александров Дмитрий','менеджер по продажам бу авто','2019-06-05'),(7,'Давлетшина Гульназ','менеджер по продажам новых авто','2017-09-18'),(8,'Хомутинникова Елизавета','менеджер по продажам бу авто','2017-09-18'),(9,'Третьяков Юрий','менеджер по запчастям','2017-04-03'),(10,'Алексеев Алексей','менеджер по продажам новых авто','2020-05-19'),(11,'Моисеев Денис','менеджер по запчастям','2019-07-13'),(12,'Мещеряков Евгений','менеджер по запчастям','2018-10-01'),(13,'Пархоменко Борис','менеджер по запчастям','2017-12-05'),(14,'Пылкин Евгений','менеджер по продажам бу авто','2019-11-05');
/*!40000 ALTER TABLE `managers` ENABLE KEYS */;
UNLOCK TABLES;

--
-- Table structure for table `register_auto`
--

DROP TABLE IF EXISTS `register_auto`;
/*!40101 SET @saved_cs_client     = @@character_set_client */;
/*!50503 SET character_set_client = utf8mb4 */;
CREATE TABLE `register_auto` (
  `id` int NOT NULL AUTO_INCREMENT,
  `Auto_id` int NOT NULL,
  `quantity` int unsigned NOT NULL COMMENT 'Количество',
  `price` float NOT NULL COMMENT 'Цена',
  `cost` float NOT NULL COMMENT 'Стоимость',
  `date` date NOT NULL,
  `Car_dealerships_id` int unsigned NOT NULL,
  `VIN` varchar(17) NOT NULL,
  PRIMARY KEY (`id`),
  UNIQUE KEY `VIN_UNIQUE` (`VIN`),
  KEY `fk_Register_Auto_Auto1_idx` (`Auto_id`),
  KEY `fk_Register_Auto_Car_dealerships1_idx` (`Car_dealerships_id`),
  CONSTRAINT `fk_Register_Auto_Auto1` FOREIGN KEY (`Auto_id`) REFERENCES `auto` (`id`),
  CONSTRAINT `fk_Register_Auto_Car_dealerships1` FOREIGN KEY (`Car_dealerships_id`) REFERENCES `car_dealerships` (`id`)
) ENGINE=InnoDB AUTO_INCREMENT=374 DEFAULT CHARSET=utf8;
/*!40101 SET character_set_client = @saved_cs_client */;

--
-- Dumping data for table `register_auto`
--

LOCK TABLES `register_auto` WRITE;
/*!40000 ALTER TABLE `register_auto` DISABLE KEYS */;
INSERT INTO `register_auto` VALUES (1,1,1,1384820,1384820,'2019-10-30',4,'Z94C241AALR158257'),(2,2,1,1399040,1399040,'2020-08-29',1,'Z8NTAAT32ES122474'),(3,3,1,882850,882850,'2020-09-14',2,'Z8NHSNGA566214064'),(4,4,1,1630460,1630460,'2020-09-03',3,'Z8NTANT32ES124464'),(5,5,1,1019800,1019800,'2020-09-22',3,'Z8NHSNHGN66270902'),(6,11,1,1643230,1643230,'2020-09-18',3,'Z8NFBNJ11ES115543'),(7,12,1,1394570,1394570,'2020-09-12',2,'Z8NFBAJ11ES113936'),(8,6,1,1332470,1332470,'2020-07-26',4,'XWEH5F14GL0000197'),(9,7,1,719723,719723,'2020-09-22',4,'Z94C241BAMR196673'),(10,18,1,719723,719723,'2020-09-16',4,'Z94C241BAMR195380'),(11,19,1,739590,739590,'2020-09-22',4,'Z94C241BAMR197715'),(12,20,1,770923,770923,'2020-09-24',4,'Z94C241BBMR197174'),(13,22,1,739590,739590,'2020-09-24',4,'Z94C241BAMR197726'),(14,23,1,923673,923673,'2020-09-16',4,'Z94C341BBMR196017'),(15,2,1,1384820,1384820,'2020-08-27',2,'Z8NTAAT32ES122640'),(16,3,1,1367440,1367440,'2020-09-18',2,'Z8NFBAJ11ES114822'),(17,4,1,1588240,1588240,'2020-10-01',2,'Z8NFBNJ11ES116235'),(18,5,1,1319250,1319250,'2020-09-06',3,'Z8NFBAJ11ES114677'),(19,11,1,1333470,1333470,'2020-09-29',1,'Z8NFBAJ11ES115945'),(20,12,1,1741570,1741570,'2020-09-06',2,'Z8NTANT32ES123843'),(21,13,1,1367440,1367440,'2020-09-12',2,'Z8NFBAJ11ES115239'),(22,14,1,1422220,1422220,'2020-09-29',1,'Z8NFBAJ11ES116003'),(23,21,1,1632810,1632810,'2020-09-23',1,'Z8NTANT32ES126072'),(24,24,1,1333470,1333470,'2020-09-16',3,'Z8NFBAJ11ES115585'),(25,13,1,2576490,2576490,'2020-10-01',3,'Z8NTANZ52GS013143'),(26,6,1,1439350,1439350,'2020-08-10',4,'XWEG3414BM0000548'),(27,7,1,790181,790181,'2020-10-02',4,'Z94C251BBLR117178'),(28,25,1,738723,738723,'2020-10-02',4,'Z94C251AALR117224'),(29,26,1,746639,746639,'2020-09-24',4,'Z94C241BBMR197689'),(30,27,1,751389,751389,'2020-09-22',4,'Z94C241BBMR197906'),(31,28,1,809307,809307,'2020-10-02',4,'Z94C241BBMR198580'),(32,29,1,923673,923673,'2020-09-16',4,'Z94C341BBMR195829'),(33,30,1,1461120,1461120,'2020-09-17',4,'XWEPH81ADM0052239'),(34,3,1,1399040,1399040,'2020-10-04',1,'Z8NTAAT32ES126577'),(35,4,1,922558,922558,'2020-09-30',1,'Z8NHSNGA566318908'),(36,5,1,1319250,1319250,'2020-09-16',2,'Z8NFBAJ11ES114633'),(37,11,1,1669490,1669490,'2020-09-23',1,'Z8NTANT32ES126156'),(38,12,1,1333470,1333470,'2020-09-18',2,'Z8NFBAJ11ES115589'),(39,13,1,1381660,1381660,'2020-09-21',1,'Z8NFBAJ11ES115582'),(40,14,1,1333470,1333470,'2020-10-01',3,'Z8NFBAJ11ES116402'),(41,21,1,882850,882850,'2020-09-20',1,'Z8NHSNGA566214054'),(42,24,1,1756040,1756040,'2020-09-21',3,'Z8NTANT32ES124443'),(43,15,1,739590,739590,'2020-10-02',4,'Z94C241BAMR197743'),(44,16,1,1447540,1447540,'2020-09-27',4,'XWEPH81ADM0053058'),(45,17,1,1228390,1228390,'2020-07-28',4,'XWEGT411BL0017596'),(46,18,1,751389,751389,'2020-10-02',4,'Z94C241BBMR198606'),(47,19,1,814007,814007,'2020-09-24',4,'Z94C241BBMR198169'),(48,20,1,853173,853173,'2020-10-02',4,'Z94C341BBMR199420'),(49,31,1,1150390,1150390,'2020-10-04',4,'XWEE3811DLC001009'),(50,32,1,932054,932054,'2020-10-05',4,'XWEE2811ALC000272'),(51,4,1,1898500,1898500,'2020-09-15',3,'Z8NTBNT32ES125821'),(52,5,1,922558,922558,'2020-09-14',2,'Z8NHSNGA566214075'),(53,11,1,1588240,1588240,'2020-10-01',3,'Z8NFBNJ11ES116375'),(54,12,1,1252890,1252890,'2020-09-15',2,'Z8NFEAJ11ES114141'),(55,2,1,1669490,1669490,'2020-10-01',2,'Z8NTANT32ES126860'),(56,3,1,1269480,1269480,'2020-10-03',1,'Z8NFEAJ11ES116101'),(57,4,1,2349030,2349030,'2020-09-16',2,'Z8NTANZ52GS013023'),(58,5,1,1293450,1293450,'2020-09-15',3,'Z8NFEAJ11ES114786'),(59,11,1,1064130,1064130,'2020-09-22',3,'Z8NHSNHGN66270931'),(60,12,1,1630460,1630460,'2020-09-21',1,'Z8NTANT32ES125887'),(61,13,1,1739220,1739220,'2020-09-29',1,'Z8NTANT32ES126426'),(62,14,1,1333470,1333470,'2020-10-04',1,'Z8NFBAJ11ES116435'),(63,21,1,1367440,1367440,'2020-09-08',3,'Z8NFBAJ11ES114608'),(64,6,1,770923,770923,'2020-10-02',4,'Z94C241BBMR198883'),(65,7,1,936639,936639,'2020-10-04',4,'XWEJ381EBM0005253'),(66,8,1,1205810,1205810,'2020-10-04',4,'XWEJ381UBLC002677'),(67,9,1,726848,726848,'2020-09-24',4,'Z94C241BBMR198104'),(68,10,1,1027680,1027680,'2020-10-06',4,'XWEFC416BLC003573'),(69,23,1,1150390,1150390,'2020-10-06',4,'XWEE3811DLC000965'),(70,2,1,874908,874908,'2020-09-16',1,'Z8NHSNGA566214053'),(71,3,1,1632810,1632810,'2020-09-06',2,'Z8NTANT32ES123476'),(72,4,1,1514560,1514560,'2020-09-29',3,'Z8NFBAJ11ES113684'),(73,5,1,1422220,1422220,'2020-10-01',2,'Z8NFBAJ11ES116232'),(74,11,1,1333470,1333470,'2020-10-04',1,'Z8NFBAJ11ES116444'),(75,12,1,1333470,1333470,'2020-10-03',2,'Z8NFBAJ11ES116448'),(76,2,1,1333470,1333470,'2020-10-04',1,'Z8NFBAJ11ES116485'),(77,3,1,1739220,1739220,'2020-09-03',3,'Z8NTANT32ES123015'),(78,4,1,1739220,1739220,'2020-09-01',3,'Z8NTANT32ES123732'),(79,5,1,1245260,1245260,'2020-09-12',3,'Z8NFEAJ11ES113798'),(80,11,1,1588240,1588240,'2020-09-26',1,'Z8NFBNJ11ES115992'),(81,12,1,1293450,1293450,'2020-09-15',3,'Z8NFEAJ11ES114343'),(82,13,1,1551740,1551740,'2020-09-23',1,'Z8NFBAJ11ES115644'),(83,14,1,1064130,1064130,'2020-09-15',2,'Z8NHSNHGN66214331'),(84,21,1,1381660,1381660,'2020-09-18',2,'Z8NFBAJ11ES115627'),(85,27,1,1431790,1431790,'2020-10-09',4,'XWEPH81ABM0043292'),(86,28,1,739590,739590,'2020-09-24',4,'Z94C241BAMR197542'),(87,29,1,848473,848473,'2020-10-02',4,'Z94C341BBMR199875'),(88,30,1,1182060,1182060,'2020-10-05',4,'XWEE3811DLC000689'),(89,31,1,1083100,1083100,'2020-10-04',4,'XWEFC41CBLC007714'),(90,32,1,751389,751389,'2020-10-09',4,'Z94C241BBMR201726'),(91,21,1,1401410,1401410,'2020-09-26',3,'Z8NTAAT32ES126457'),(92,24,1,1669490,1669490,'2020-09-02',2,'Z8NTANT32ES122992'),(93,4,1,1632810,1632810,'2020-09-02',2,'Z8NTANT32ES123373'),(94,5,1,1052210,1052210,'2020-10-07',1,'Z8NHSNHGN66319189'),(95,11,1,1662510,1662510,'2020-10-04',1,'Z8NTCNT32ES126801'),(96,12,1,1374030,1374030,'2020-09-18',2,'Z8NFBAJ11ES115630'),(97,2,1,1630460,1630460,'2020-10-08',1,'Z8NTANT32ES126803'),(98,3,1,1630460,1630460,'2020-10-08',1,'Z8NTANT32ES126797'),(99,4,1,1252890,1252890,'2020-09-14',3,'Z8NFEAJ11ES114712'),(100,5,1,1267110,1267110,'2020-10-08',1,'Z8NFEAJ11ES116386'),(101,11,1,1900840,1900840,'2020-09-30',3,'Z8NTBNT32ES126749'),(102,12,1,1333470,1333470,'2020-10-03',2,'Z8NFBAJ11ES116396'),(103,13,1,1739220,1739220,'2020-10-08',1,'Z8NTANT32ES126850'),(104,14,1,1557770,1557770,'2020-09-29',1,'Z8NTAAT32ES126455'),(105,21,1,1367440,1367440,'2020-09-12',3,'Z8NFBAJ11ES114205'),(106,2,1,1204700,1204700,'2020-09-15',3,'Z8NFEAJ11ES113854'),(107,3,1,1799320,1799320,'2020-09-18',2,'Z8NTBNT32ES126021'),(108,20,1,887640,887640,'2020-10-09',4,'Z94C351BBLR118691'),(109,22,1,739590,739590,'2020-10-09',4,'Z94C241BAMR200908'),(110,23,1,923673,923673,'2020-10-02',4,'Z94C341BBMR200295'),(111,25,1,1150390,1150390,'2020-10-04',4,'XWEE3811DLC000943'),(112,26,1,996014,996014,'2020-10-05',4,'XWEFC416ALC000292'),(113,21,1,1739220,1739220,'2020-09-04',2,'Z8NTANT32ES123725'),(114,24,1,1252890,1252890,'2020-09-12',2,'Z8NFEAJ11ES113702'),(115,4,1,1223660,1223660,'2020-10-03',2,'Z8NFBAJ11ES116522'),(116,5,1,1367440,1367440,'2020-09-11',2,'Z8NFBAJ11ES114610'),(117,11,1,1629010,1629010,'2020-09-11',3,'Z8NFBNJ11ES115045'),(118,12,1,922558,922558,'2020-09-14',3,'Z8NHSNGA566214072'),(119,2,1,1557770,1557770,'2020-09-21',3,'Z8NTAAT32ES125714'),(120,3,1,1555420,1555420,'2020-09-18',2,'Z8NTAAT32ES125914'),(121,4,1,1741570,1741570,'2020-09-21',3,'Z8NTANT32ES123492'),(122,5,1,1310040,1310040,'2020-10-06',1,'Z8NFEAJ11ES116342'),(123,11,1,1381660,1381660,'2020-09-21',1,'Z8NFBAJ11ES115586'),(124,12,1,1655420,1655420,'2020-09-29',1,'Z8NTANT32ES126334'),(125,1,1,639764,639764,'2020-08-13',4,'XWEB3511AL0000853'),(126,6,1,766223,766223,'2020-09-22',4,'Z94C241BBMR196908'),(127,7,1,1345160,1345160,'2020-10-12',4,'XWEPH81ABM0043521'),(128,8,1,809307,809307,'2020-10-09',4,'Z94C251BBLR118552'),(129,5,1,1840750,1840750,'2020-10-08',1,'Z8NTANT32ES126759'),(130,11,1,1384030,1384030,'2020-10-08',1,'Z8NFBAJ11ES116608'),(131,12,1,1762670,1762670,'2020-10-13',1,'Z8NTANT32ES127209'),(132,13,1,1799320,1799320,'2020-09-30',3,'Z8NTBNT32ES126830'),(133,14,1,1630460,1630460,'2020-09-06',2,'Z8NTANT32ES124615'),(134,21,1,1741570,1741570,'2020-09-21',3,'Z8NTANT32ES124569'),(135,2,1,1086010,1086010,'2020-10-13',2,'Z8NHSNHGN66319485'),(136,3,1,1381660,1381660,'2020-10-04',1,'Z8NFBAJ11ES116439'),(137,21,1,1640860,1640860,'2020-09-29',3,'Z8NFBNJ11ES113786'),(138,24,1,1762670,1762670,'2020-10-13',1,'Z8NTANT32ES127221'),(139,4,1,1739220,1739220,'2020-10-01',3,'Z8NTANT32ES126843'),(140,5,1,1739220,1739220,'2020-10-09',1,'Z8NTANT32ES126851'),(141,17,1,1862470,1862470,'2020-10-02',4,'XWERG81DDM0000358'),(142,18,1,1384540,1384540,'2020-10-12',4,'XWEPH81ABM0043519'),(143,19,1,734890,734890,'2020-09-23',4,'Z94C241BAMR197602'),(144,20,1,731598,731598,'2020-09-22',4,'Z94C241BBMR198001'),(145,22,1,719723,719723,'2020-10-09',4,'Z94C241BAMR200900'),(146,23,1,1605600,1605600,'2020-10-12',4,'XWEG3417BM0001892'),(147,25,1,2112260,2112260,'2020-10-08',4,'XWERH81DDM0000932'),(148,26,1,1278220,1278220,'2020-10-09',4,'XWEPG81ABM0004428'),(149,27,1,1075180,1075180,'2020-10-12',4,'XWEFC41CBLC009038'),(150,5,1,1399040,1399040,'2020-10-03',1,'Z8NTAAT32ES126499'),(151,11,1,1630460,1630460,'2020-09-02',2,'Z8NTANT32ES123575'),(152,12,1,1381660,1381660,'2020-09-15',3,'Z8NFBAJ11ES114830'),(153,2,1,1086010,1086010,'2020-10-13',1,'Z8NHSNHGN66319487'),(154,3,1,1052210,1052210,'2020-10-07',1,'Z8NHSNHGN66319190'),(155,4,1,1086010,1086010,'2020-10-13',1,'Z8NHSNHGN66319488'),(156,5,1,1514560,1514560,'2020-09-25',1,'Z8NFBAJ11ES115870'),(157,11,1,1293450,1293450,'2020-09-15',2,'Z8NFEAJ11ES114266'),(158,12,1,1617900,1617900,'2020-10-09',3,'Z8NTAAT32ES127182'),(159,13,1,2510050,2510050,'2020-10-09',3,'Z8NTANZ52GS013179'),(160,14,1,1399040,1399040,'2020-10-06',1,'Z8NTAAT32ES126738'),(161,21,1,1425110,1425110,'2020-10-11',1,'Z8NTAAT32ES126975'),(162,21,1,1741570,1741570,'2020-09-21',3,'Z8NTANT32ES123139'),(163,24,1,1086010,1086010,'2020-10-13',2,'Z8NHSNHGN66319468'),(164,4,1,1052210,1052210,'2020-10-05',3,'Z8NHSNHGN66319188'),(165,5,1,1293450,1293450,'2020-09-14',3,'Z8NFEAJ11ES114138'),(166,11,1,1514560,1514560,'2020-10-03',3,'Z8NFBAJ11ES116304'),(167,12,1,1662510,1662510,'2020-09-29',3,'Z8NTCNT32ES126619'),(168,2,1,1630460,1630460,'2020-10-09',1,'Z8NTANT32ES126804'),(169,3,1,1267110,1267110,'2020-09-30',3,'Z8NFEAJ11ES113705'),(170,4,1,1333470,1333470,'2020-10-03',2,'Z8NFBAJ11ES116384'),(171,5,1,1799320,1799320,'2020-09-25',3,'Z8NTBNT32ES126516'),(172,11,1,1468560,1468560,'2020-10-11',1,'Z8NFBNJ11ES116992'),(173,28,1,1376660,1376660,'2020-10-08',4,'XWEPH81ACM0005925'),(174,29,1,964388,964388,'2020-10-05',4,'XWEE2811BLC000576'),(175,30,1,1460100,1460100,'2020-09-14',4,'XWEPH81ABM0041440'),(176,31,1,1708510,1708510,'2020-10-16',4,'XWEG6417BM0001375'),(177,32,1,1431790,1431790,'2020-10-12',4,'XWEPH81ABM0043516'),(178,32,1,719723,719723,'2020-10-09',4,'Z94C241BAMR200789'),(179,4,1,1630460,1630460,'2020-08-29',2,'Z8NTANT32ES122661'),(180,5,1,1367440,1367440,'2020-09-14',3,'Z8NFBAJ11ES114869'),(181,11,1,1086010,1086010,'2020-10-13',3,'Z8NHSNHGN66319483'),(182,12,1,1516930,1516930,'2020-09-30',3,'Z8NFBAJ11ES116543'),(183,13,1,1630460,1630460,'2020-10-04',1,'Z8NTANT32ES126586'),(184,14,1,1491650,1491650,'2020-10-08',1,'Z8NFBAJ11ES116376'),(185,21,1,1671840,1671840,'2020-09-04',2,'Z8NTANT32ES123867'),(186,21,1,1086010,1086010,'2020-10-13',3,'Z8NHSNHGN66319481'),(187,24,1,1086010,1086010,'2020-10-13',2,'Z8NHSNHGN66319484'),(188,4,1,1307670,1307670,'2020-10-08',1,'Z8NFEAJ11ES116431'),(189,5,1,1204700,1204700,'2020-09-15',2,'Z8NFEAJ11ES114237'),(190,11,1,1223660,1223660,'2020-10-01',3,'Z8NFBAJ11ES116517'),(191,7,1,1019760,1019760,'2020-09-05',4,'XWEH2516BL0011672'),(192,8,1,1345160,1345160,'2020-10-04',4,'XWEPH81ABM0042882'),(193,9,1,923673,923673,'2020-10-09',4,'Z94C341BBMR201565'),(194,10,1,1055390,1055390,'2020-10-12',4,'XWEJ381UBM0007816'),(195,15,1,2112260,2112260,'2020-10-02',4,'XWERH81DDM0000829'),(196,16,1,1431790,1431790,'2020-10-16',4,'XWEPH81ACM0005961'),(197,17,1,853173,853173,'2020-10-02',4,'Z94C341BBMR200034'),(198,14,1,936707,936707,'2020-10-13',2,'Z8NHSNGAN66319279'),(199,21,1,1307670,1307670,'2020-09-26',3,'Z8NFEAJ11ES116006'),(200,21,1,1255260,1255260,'2020-09-16',2,'Z8NFEAJ11ES114069'),(201,24,1,1333470,1333470,'2020-10-03',1,'Z8NFBAJ11ES113700'),(202,4,1,1748600,1748600,'2020-10-13',2,'Z8NTANT32ES126958'),(203,5,1,1582400,1582400,'2020-10-16',3,'Z8NFBAJ11ES117262'),(204,11,1,1276070,1276070,'2020-10-16',1,'Z8NFEAJ11ES117111'),(205,12,1,1662510,1662510,'2020-09-15',3,'Z8NTCNT32ES125732'),(206,2,1,1789650,1789650,'2020-10-09',3,'Z8NTCNT32ES127338'),(207,3,1,1255260,1255260,'2020-09-16',2,'Z8NFEAJ11ES115000'),(208,4,1,1384030,1384030,'2020-10-09',1,'Z8NFBAJ11ES116618'),(209,5,1,1692940,1692940,'2020-10-13',1,'Z8NTANT32ES127195'),(210,11,1,1510120,1510120,'2020-10-11',1,'Z8NFBNJ11ES116944'),(211,4,1,1347690,1347690,'2020-10-16',1,'Z8NFBAJ11ES117306'),(212,5,1,1273700,1273700,'2020-10-16',1,'Z8NFEAJ11ES117199'),(213,19,1,1779760,1779760,'2020-10-16',4,'XWEG6417BM0001414'),(214,20,1,1510540,1510540,'2020-10-16',4,'XWEPH81ADM0053559'),(215,22,1,814007,814007,'2020-10-18',4,'Z94C241BBMR199914'),(216,23,1,1014470,1014470,'2020-10-19',4,'XWEJ381EBLC002784'),(217,25,1,1122680,1122680,'2020-10-19',4,'XWEFC41CBLC008910'),(218,26,1,809307,809307,'2020-10-18',4,'Z94C241BBMR202715'),(219,27,1,1166470,1166470,'2020-10-19',4,'XWEJ381UBLC002933'),(220,5,1,1662510,1662510,'2020-10-03',2,'Z8NTCNT32ES126812'),(221,11,1,1395880,1395880,'2020-10-11',1,'Z8NFBAJ11ES116726'),(222,4,1,1630460,1630460,'2020-08-29',3,'Z8NTANT32ES124833'),(223,5,1,1762670,1762670,'2020-10-13',1,'Z8NTANT32ES127181'),(224,11,1,1436440,1436440,'2020-10-09',3,'Z8NFBAJ11ES116859'),(225,12,1,1581220,1581220,'2020-10-20',3,'Z8NTAAT32ES127984'),(226,13,1,1611990,1611990,'2020-09-29',3,'Z8NFBNJ11ES116468'),(227,14,1,1218920,1218920,'2020-09-18',2,'Z8NFEAJ11ES115560'),(228,21,1,1121750,1121750,'2020-10-21',3,'Z8NHSNHGD66424348'),(229,21,1,1077420,1077420,'2020-10-21',1,'Z8NHSNHGD66424317'),(230,24,1,1077420,1077420,'2020-10-21',1,'Z8NHSNHGD66424325'),(231,4,1,2615580,2615580,'2020-10-16',3,'Z8NTANZ52GS013240'),(232,8,1,1313660,1313660,'2020-10-02',4,'XWEPH81AAM0003147'),(233,9,1,726848,726848,'2020-10-09',4,'Z94C241BBMR200849'),(234,10,1,1031640,1031640,'2020-10-16',4,'XWEE2811CLC000104'),(235,15,1,770923,770923,'2020-10-18',4,'Z94C241BBMR203939'),(236,16,1,766223,766223,'2020-10-18',4,'Z94C241BBMR202678'),(237,17,1,814007,814007,'2020-10-18',4,'Z94C241BBMR203168'),(238,18,1,1708510,1708510,'2020-10-19',4,'XWEG6417BM0001401'),(239,19,1,1313660,1313660,'2020-10-02',4,'XWEPH81AAM0003156'),(240,20,1,1126640,1126640,'2020-10-19',4,'XWEE3811BLC001440'),(241,22,1,778306,778306,'2020-10-23',4,'Z94C251ABLR114323'),(242,5,1,1669490,1669490,'2020-08-31',3,'Z8NTANT32ES123548'),(243,11,1,1632810,1632810,'2020-08-31',3,'Z8NTANT32ES123352'),(244,12,1,1630460,1630460,'2020-09-10',3,'Z8NTANT32ES125406'),(245,2,1,1682780,1682780,'2020-10-04',1,'Z8NTCNT32ES126786'),(246,3,1,1436440,1436440,'2020-10-23',1,'Z8NFBAJ11ES117330'),(247,4,1,1837240,1837240,'2020-10-16',1,'Z8NTBNT32ES127594'),(248,5,1,1041680,1041680,'2020-10-21',2,'Z8NHSNHGN66424406'),(249,11,1,1347690,1347690,'2020-10-13',2,'Z8NFBAJ11ES116856'),(250,12,1,1578880,1578880,'2020-10-23',1,'Z8NTAAT32ES127786'),(251,13,1,2510050,2510050,'2020-10-19',3,'Z8NTANZ52GS013239'),(252,14,1,1921950,1921950,'2020-10-18',2,'Z8NTBNT32ES127600'),(253,21,1,1630460,1630460,'2020-10-08',1,'Z8NTANT32ES126868'),(254,21,1,944442,944442,'2020-10-13',1,'Z8NHSNGA566319242'),(255,24,1,1255260,1255260,'2020-09-18',2,'Z8NFEAJ11ES114958'),(256,4,1,1507450,1507450,'2020-09-21',3,'Z8NFBAJ11ES115728'),(257,5,1,1347690,1347690,'2020-10-23',1,'Z8NFBAJ11ES117336'),(258,11,1,1347690,1347690,'2020-10-18',3,'Z8NFBAJ11ES117317'),(259,12,1,1578880,1578880,'2020-10-18',2,'Z8NTAAT32ES127751'),(260,2,1,1581220,1581220,'2020-10-23',2,'Z8NTAAT32ES128163'),(261,3,1,1233140,1233140,'2020-10-16',3,'Z8NFEAJ11ES116934'),(262,23,1,1332470,1332470,'2020-07-27',4,'XWEH5F14GL0000213'),(263,25,1,1437490,1437490,'2020-09-14',4,'XWEPH81ACM0005794'),(264,26,1,1146430,1146430,'2020-10-24',4,'XWEH5816BL0008004'),(265,27,1,751389,751389,'2020-10-21',4,'Z94C241BBMR203762'),(266,28,1,848473,848473,'2020-10-18',4,'Z94C341BBMR203209'),(267,29,1,1007890,1007890,'2020-10-24',4,'XWEE2811BLC000806'),(268,4,1,1350060,1350060,'2020-10-11',1,'Z8NFBAJ11ES116547'),(269,5,1,1657450,1657450,'2020-10-24',1,'Z8NFBNJ11ES117528'),(270,11,1,1086010,1086010,'2020-10-21',3,'Z8NHSNHGN66424451'),(271,4,1,1086010,1086010,'2020-10-21',3,'Z8NHSNHGN66424429'),(272,5,1,1422740,1422740,'2020-10-21',3,'Z8NTAAT32ES128211'),(273,11,1,1077420,1077420,'2020-10-21',3,'Z8NHSNHGD66424318'),(274,12,1,1273700,1273700,'2020-10-26',1,'Z8NFEAJ11ES117790'),(275,13,1,1669490,1669490,'2020-09-02',3,'Z8NTANT32ES123553'),(276,14,1,1766200,1766200,'2020-09-25',3,'Z8NTCNT32ES126293'),(277,21,1,1871920,1871920,'2020-10-21',1,'Z8NTBNT32ES127186'),(278,21,1,1630460,1630460,'2020-10-01',2,'Z8NTANT32ES126584'),(279,24,1,1669490,1669490,'2020-09-08',3,'Z8NTANT32ES125387'),(280,4,1,1762670,1762670,'2020-10-13',1,'Z8NTANT32ES127212'),(281,5,1,1121750,1121750,'2020-10-21',3,'Z8NHSNHGD66424353'),(282,11,1,1454340,1454340,'2020-09-21',1,'Z8NFBNJ11ES114782'),(283,14,1,1077420,1077420,'2020-10-23',2,'Z8NHSNHGD66424527'),(284,21,1,1436440,1436440,'2020-10-27',1,'Z8NFBAJ11ES117783'),(285,21,1,1260270,1260270,'2020-10-23',2,'Z8NFEAJ11ES117563'),(286,24,1,1581220,1581220,'2020-10-27',1,'Z8NTAAT32ES128158'),(287,7,1,1423910,1423910,'2020-10-24',4,'XWEPH81ADM0053765'),(288,8,1,923673,923673,'2020-10-23',4,'Z94C341BBMR205574'),(289,9,1,1510540,1510540,'2020-10-19',4,'XWEPH81ADM0053664'),(290,10,1,1360910,1360910,'2020-10-26',4,'XWEPH81ABM0043967'),(291,15,1,814007,814007,'2020-10-23',4,'Z94C241BBMR204688'),(292,16,1,944556,944556,'2020-10-24',4,'XWEJ381EBM0005434'),(293,17,1,778306,778306,'2020-10-23',4,'Z94C251ABLR114659'),(294,13,1,1632810,1632810,'2020-09-02',2,'Z8NTANT32ES123494'),(295,14,1,1657450,1657450,'2020-10-16',1,'Z8NFBNJ11ES117076'),(296,21,1,1381660,1381660,'2020-09-16',2,'Z8NFBAJ11ES115625'),(297,21,1,1121750,1121750,'2020-10-26',2,'Z8NHSNHGD66424568'),(298,24,1,1639640,1639640,'2020-10-27',1,'Z8NFBNJ11ES117787'),(299,4,1,1655080,1655080,'2020-10-26',3,'Z8NFBNJ11ES118100'),(300,5,1,1276070,1276070,'2020-10-24',1,'Z8NFEAJ11ES117542'),(301,11,1,1259480,1259480,'2020-10-01',2,'Z8NFEAJ11ES113912'),(302,14,1,1578880,1578880,'2020-10-23',1,'Z8NTAAT32ES127787'),(303,21,1,1739220,1739220,'2020-09-03',3,'Z8NTANT32ES123113'),(304,21,1,1788380,1788380,'2020-10-08',1,'Z8NTANT32ES126766'),(305,24,1,1367440,1367440,'2020-09-14',3,'Z8NFBAJ11ES114793'),(306,4,1,1630460,1630460,'2020-09-30',3,'Z8NTANT32ES126800'),(307,5,1,1582400,1582400,'2020-10-26',1,'Z8NFBAJ11ES117604'),(308,11,1,1041680,1041680,'2020-10-21',1,'Z8NHSNHGN66424407'),(309,12,1,1041680,1041680,'2020-10-27',1,'Z8NHSNHGN66424607'),(310,2,1,1653920,1653920,'2020-10-23',1,'Z8NTANT32ES127816'),(311,3,1,1921170,1921170,'2020-10-28',2,'Z8NTBNT32ES128436'),(312,4,1,1374820,1374820,'2020-10-28',2,'Z8NFBAJ11ES117830'),(313,5,1,1762670,1762670,'2020-10-26',1,'Z8NTANT32ES128190'),(314,18,1,1708510,1708510,'2020-10-29',4,'XWEG6417BM0001863'),(315,19,1,1581850,1581850,'2020-10-08',4,'XWEG3417BM0001789'),(316,20,1,1782220,1782220,'2020-10-19',4,'XWEPK81CDM0001296'),(317,22,1,770923,770923,'2020-10-21',4,'Z94C241BBMR203581'),(318,23,1,923673,923673,'2020-10-26',4,'Z94C341BBMR205684'),(319,25,1,918973,918973,'2020-10-23',4,'Z94C341BBMR204715'),(320,26,1,726848,726848,'2020-10-18',4,'Z94C241ABMR201529'),(321,27,1,1708510,1708510,'2020-10-24',4,'XWEG6417BM0001174'),(322,28,1,1463100,1463100,'2020-10-19',4,'XWEG3414BM0002046'),(323,29,1,1392410,1392410,'2020-10-29',4,'XWEPH81ACM0006038'),(324,30,1,1360910,1360910,'2020-10-29',4,'XWEPH81ABM0044052'),(325,31,1,1447540,1447540,'2020-10-27',4,'XWEPH81ABM002020'),(326,32,1,1400290,1400290,'2020-10-29',4,'XWEPH81ABM0043978'),(327,1,1,814007,814007,'2020-10-21',4,'Z94C241BBMR203464'),(328,6,1,1166470,1166470,'2020-10-27',4,'XWEJ381UBLC002982'),(329,7,1,1463290,1463290,'2020-10-24',4,'XWEPH81ADM0053781'),(330,13,1,1763450,1763450,'2020-08-27',3,'Z8NTANT32ES122999'),(331,14,1,1367440,1367440,'2020-09-14',3,'Z8NFBAJ11ES114777'),(332,21,1,1204700,1204700,'2020-09-12',2,'Z8NFEAJ11ES113983'),(333,2,1,1692940,1692940,'2020-10-11',1,'Z8NTANT32ES127128'),(334,3,1,1335840,1335840,'2020-10-06',1,'Z8NFBAJ11ES116542'),(335,21,1,1924290,1924290,'2020-10-21',3,'Z8NTBNT32ES128114'),(336,24,1,1041680,1041680,'2020-10-27',1,'Z8NHSNHGN66424606'),(337,4,1,1422740,1422740,'2020-10-27',1,'Z8NTAAT32ES128210'),(338,5,1,1065510,1065510,'2020-10-26',2,'Z8NHSNHGD66424539'),(339,5,1,1077420,1077420,'2020-10-27',1,'Z8NHSNHGD66424528'),(340,11,1,1273700,1273700,'2020-10-28',2,'Z8NFEAJ11ES118087'),(341,12,1,1233140,1233140,'2020-10-18',2,'Z8NFEAJ11ES117327'),(342,2,1,2623390,2623390,'2020-10-28',2,'Z8NTANZ52GS013281'),(343,3,1,1235510,1235510,'2020-10-26',1,'Z8NFEAJ11ES117765'),(344,4,1,1584770,1584770,'2020-10-31',1,'Z8NFBAJ11ES117130'),(345,5,1,1789650,1789650,'2020-10-31',1,'Z8NTCNT32ES126645'),(346,11,1,1840750,1840750,'2020-09-21',3,'Z8NTANT32ES123302'),(347,12,1,1741570,1741570,'2020-09-21',3,'Z8NTANT32ES123488'),(348,13,1,1086010,1086010,'2020-10-13',1,'Z8NHSNHGN66319486'),(349,14,1,1374030,1374030,'2020-09-25',3,'Z8NFBAJ11ES116234'),(350,21,1,1568330,1568330,'2020-10-09',3,'Z8NFBAJ11ES116738'),(351,21,1,1565960,1565960,'2020-10-24',1,'Z8NFBAJ11ES117454'),(352,24,1,1924290,1924290,'2020-10-26',1,'Z8NTBNT32ES128111'),(353,4,1,1653920,1653920,'2020-10-24',1,'Z8NTANT32ES127703'),(354,5,1,1653920,1653920,'2020-10-24',1,'Z8NTANT32ES127914'),(355,11,1,904733,904733,'2020-10-23',2,'Z8NHSNGA566424463'),(356,12,1,1653920,1653920,'2020-10-21',3,'Z8NTANT32ES127989'),(357,2,1,1653920,1653920,'2020-10-27',1,'Z8NTANT32ES128073'),(358,3,1,1347690,1347690,'2020-10-26',3,'Z8NFBAJ11ES117823'),(359,4,1,1347690,1347690,'2020-10-28',2,'Z8NFBAJ11ES117910'),(360,5,1,948619,948619,'2020-10-30',1,'Z8NHSNGAN66455009'),(361,11,1,936707,936707,'2020-10-30',1,'Z8NHSNGAN66455005'),(362,4,1,989122,989122,'2020-10-30',1,'Z8NHSNGAN66455020'),(363,5,1,1281330,1281330,'2020-10-26',1,'Z8NFEAJ11ES117781'),(364,11,1,1276070,1276070,'2020-10-23',2,'Z8NFEAJ11ES117517'),(365,12,1,1578880,1578880,'2020-10-31',1,'Z8NTAAT32ES128506'),(366,13,1,1568330,1568330,'2020-10-21',3,'Z8NFBAJ11ES117762'),(367,14,1,1235510,1235510,'2020-10-26',1,'Z8NFEAJ11ES117769'),(368,15,1,1494760,1494760,'2020-10-16',4,'XWEG3417BM0001555'),(369,16,1,1329410,1329410,'2020-10-19',4,'XWEPH81AAM0003176'),(370,17,1,1278220,1278220,'2020-10-02',4,'XWEPG81ABM0004392'),(371,18,1,1126640,1126640,'2020-10-19',4,'XWEE3811BLC001400'),(372,19,1,731598,731598,'2020-10-02',4,'Z94C241ABMR198862'),(373,20,1,923673,923673,'2020-10-23',4,'Z94C341BBMR205738');
/*!40000 ALTER TABLE `register_auto` ENABLE KEYS */;
UNLOCK TABLES;
/*!50003 SET @saved_cs_client      = @@character_set_client */ ;
/*!50003 SET @saved_cs_results     = @@character_set_results */ ;
/*!50003 SET @saved_col_connection = @@collation_connection */ ;
/*!50003 SET character_set_client  = utf8mb4 */ ;
/*!50003 SET character_set_results = utf8mb4 */ ;
/*!50003 SET collation_connection  = utf8mb4_0900_ai_ci */ ;
/*!50003 SET @saved_sql_mode       = @@sql_mode */ ;
/*!50003 SET sql_mode              = 'STRICT_TRANS_TABLES,NO_ENGINE_SUBSTITUTION' */ ;
DELIMITER ;;
/*!50003 CREATE*/ /*!50017 DEFINER=`root`@`localhost`*/ /*!50003 TRIGGER `register_auto_BEFORE_INSERT` BEFORE INSERT ON `register_auto` FOR EACH ROW BEGIN
IF (NEW.quantity IS NULL AND NEW.price IS NULL) THEN
		SIGNAL SQLSTATE '45000'
		SET MESSAGE_TEXT = 'Недопустимая ситуация! Заполните количество и цену';
    END IF;
END */;;
DELIMITER ;
/*!50003 SET sql_mode              = @saved_sql_mode */ ;
/*!50003 SET character_set_client  = @saved_cs_client */ ;
/*!50003 SET character_set_results = @saved_cs_results */ ;
/*!50003 SET collation_connection  = @saved_col_connection */ ;

--
-- Table structure for table `register_auto_parts`
--

DROP TABLE IF EXISTS `register_auto_parts`;
/*!40101 SET @saved_cs_client     = @@character_set_client */;
/*!50503 SET character_set_client = utf8mb4 */;
CREATE TABLE `register_auto_parts` (
  `id` int unsigned NOT NULL AUTO_INCREMENT,
  `Auto_parts_id` int NOT NULL,
  `quantity` int unsigned NOT NULL,
  `price` float unsigned NOT NULL,
  `cost` float unsigned NOT NULL,
  `Car_dealerships_id` int unsigned NOT NULL,
  `date` date NOT NULL,
  PRIMARY KEY (`id`),
  KEY `fk_Register_Auto_parts_Auto_parts1_idx` (`Auto_parts_id`),
  KEY `fk_Register_Auto_parts_Car_dealerships1_idx` (`Car_dealerships_id`),
  CONSTRAINT `fk_Register_Auto_parts_Auto_parts1` FOREIGN KEY (`Auto_parts_id`) REFERENCES `auto_parts` (`id`),
  CONSTRAINT `fk_Register_Auto_parts_Car_dealerships1` FOREIGN KEY (`Car_dealerships_id`) REFERENCES `car_dealerships` (`id`)
) ENGINE=InnoDB AUTO_INCREMENT=51 DEFAULT CHARSET=utf8;
/*!40101 SET character_set_client = @saved_cs_client */;

--
-- Dumping data for table `register_auto_parts`
--

LOCK TABLES `register_auto_parts` WRITE;
/*!40000 ALTER TABLE `register_auto_parts` DISABLE KEYS */;
INSERT INTO `register_auto_parts` VALUES (1,55,1,511.03,511.03,4,'2020-09-22'),(2,56,1,127.24,127.24,1,'2020-09-18'),(3,57,1,29.87,29.87,2,'2020-09-12'),(4,58,2,612.01,1224.02,3,'2020-07-26'),(5,59,4,32.86,131.44,3,'2020-09-22'),(6,60,3,673.21,2019.63,3,'2020-09-16'),(7,61,3,262.86,788.58,2,'2020-09-22'),(8,62,3,969.18,2907.54,4,'2020-09-24'),(9,63,3,1.91,5.73,4,'2020-09-24'),(10,64,1,969.18,969.18,4,'2020-09-16'),(11,1,2,1.91,3.82,4,'2020-08-27'),(12,2,4,969.18,3876.72,4,'2020-09-18'),(13,15,4,1.91,7.64,4,'2020-10-01'),(14,18,4,969.18,3876.72,4,'2020-09-08'),(15,25,3,1.91,5.73,2,'2020-09-29'),(16,26,3,29.87,89.61,2,'2020-09-06'),(17,39,2,612.01,1224.02,2,'2020-09-12'),(18,53,2,10.8,21.6,3,'2020-09-29'),(19,26,1,6042.14,6042.14,1,'2020-09-23'),(20,55,1,969.18,969.18,2,'2020-09-16'),(21,6,1,1.91,1.91,2,'2020-10-01'),(22,9,1,217.35,217.35,1,'2020-08-10'),(23,26,2,216.08,432.16,1,'2020-10-02'),(24,27,4,969.18,3876.72,3,'2020-10-02'),(25,31,3,1.91,5.73,3,'2020-09-24'),(26,35,3,1.27,3.81,4,'2020-09-22'),(27,38,3,606.8,1820.4,4,'2020-10-02'),(28,42,3,216.08,648.24,4,'2020-09-16'),(29,47,1,29.87,29.87,4,'2020-09-17'),(30,48,2,10.48,20.96,4,'2020-10-04'),(31,52,4,4675.44,18701.8,4,'2020-09-03'),(32,53,4,27616.4,110466,4,'2020-09-23'),(33,55,1,1071.69,1071.69,4,'2020-09-18'),(34,59,1,2.54,2.54,1,'2020-09-21'),(35,66,1,90.88,90.88,1,'2020-10-01'),(36,69,1,216.08,216.08,2,'2020-09-20'),(37,31,2,29.87,59.74,1,'2020-09-21'),(38,33,4,612.01,2448.04,2,'2020-09-21'),(39,34,3,10.8,32.4,1,'2020-10-02'),(40,35,3,969.18,2907.54,3,'2020-09-27'),(41,38,3,1.91,5.73,1,'2020-07-28'),(42,40,1,273.34,273.34,3,'2020-10-02'),(43,60,2,969.18,1938.36,4,'2020-09-24'),(44,17,4,1.91,7.64,4,'2020-10-02'),(45,22,4,29.87,119.48,4,'2020-10-04'),(46,27,1,612.01,612.01,4,'2020-10-05'),(47,30,1,10.8,10.8,4,'2020-09-15'),(48,42,1,32.86,32.86,4,'2020-09-14'),(49,45,1,600.57,600.57,4,'2020-10-01'),(50,48,2,10.8,21.6,4,'2020-09-15');
/*!40000 ALTER TABLE `register_auto_parts` ENABLE KEYS */;
UNLOCK TABLES;

--
-- Temporary view structure for view `revenue`
--

DROP TABLE IF EXISTS `revenue`;
/*!50001 DROP VIEW IF EXISTS `revenue`*/;
SET @saved_cs_client     = @@character_set_client;
/*!50503 SET character_set_client = utf8mb4 */;
/*!50001 CREATE VIEW `revenue` AS SELECT 
 1 AS `monthname(sale_auto.date)`,
 1 AS `Car_dealerships_id`,
 1 AS `COUNT(sale_auto.id)`,
 1 AS `SUM(sale_auto.price)`*/;
SET character_set_client = @saved_cs_client;

--
-- Table structure for table `sale_auto`
--

DROP TABLE IF EXISTS `sale_auto`;
/*!40101 SET @saved_cs_client     = @@character_set_client */;
/*!50503 SET character_set_client = utf8mb4 */;
CREATE TABLE `sale_auto` (
  `id` int unsigned NOT NULL AUTO_INCREMENT,
  `Auto_id` int NOT NULL,
  `Managers_id` int NOT NULL,
  `Сustomer_id` int unsigned NOT NULL,
  `price` float unsigned NOT NULL,
  `Register_Auto_id` int NOT NULL,
  `date` date NOT NULL,
  PRIMARY KEY (`id`),
  KEY `fk_Sale_Auto_Auto1_idx` (`Auto_id`),
  KEY `fk_Sale_Auto_Managers1_idx` (`Managers_id`),
  KEY `fk_Sale_Auto_Сustomer1_idx` (`Сustomer_id`),
  KEY `fk_Sale_Auto_Register_Auto1_idx` (`Register_Auto_id`),
  CONSTRAINT `fk_Sale_Auto_Auto1` FOREIGN KEY (`Auto_id`) REFERENCES `auto` (`id`),
  CONSTRAINT `fk_Sale_Auto_Managers1` FOREIGN KEY (`Managers_id`) REFERENCES `managers` (`id`),
  CONSTRAINT `fk_Sale_Auto_Register_Auto1` FOREIGN KEY (`Register_Auto_id`) REFERENCES `register_auto` (`id`),
  CONSTRAINT `fk_Sale_Auto_Сustomer1` FOREIGN KEY (`Сustomer_id`) REFERENCES `сustomer` (`id`)
) ENGINE=InnoDB AUTO_INCREMENT=101 DEFAULT CHARSET=utf8;
/*!40101 SET character_set_client = @saved_cs_client */;

--
-- Dumping data for table `sale_auto`
--

LOCK TABLES `sale_auto` WRITE;
/*!40000 ALTER TABLE `sale_auto` DISABLE KEYS */;
INSERT INTO `sale_auto` VALUES (51,1,4,28,1537420,59,'2020-10-22'),(52,13,2,36,837417,60,'2020-09-01'),(53,6,4,37,783250,61,'2020-09-02'),(54,7,7,38,788250,62,'2020-09-03'),(55,25,10,39,788250,63,'2020-09-03'),(56,26,1,40,863250,64,'2020-09-04'),(57,27,2,41,979917,65,'2020-09-04'),(58,28,4,42,1504080,66,'2020-09-05'),(59,29,7,43,1480000,67,'2020-09-12'),(60,30,10,44,991667,68,'2020-09-12'),(61,3,1,45,1410830,69,'2020-09-12'),(62,4,2,46,1795830,70,'2020-09-12'),(63,5,4,47,1410830,71,'2020-09-12'),(64,14,7,48,1461670,72,'2020-09-23'),(65,15,10,49,1410830,73,'2020-09-23'),(66,16,1,50,950000,74,'2020-09-23'),(67,17,2,51,1889170,75,'2020-10-02'),(68,18,4,52,784083,76,'2020-10-02'),(69,19,7,53,1545750,77,'2020-10-02'),(70,20,10,54,1316580,78,'2020-10-03'),(71,21,1,55,788250,79,'2020-10-03'),(72,22,2,56,863250,80,'2020-10-03'),(73,23,4,57,904917,81,'2020-10-03'),(74,24,7,58,1208250,82,'2020-10-03'),(75,25,10,59,958250,83,'2020-10-13'),(76,26,1,60,2059170,84,'2020-10-13'),(77,27,2,61,991667,85,'2020-10-13'),(78,28,4,62,1713330,86,'2020-10-03'),(79,29,7,63,1340830,87,'2020-10-03'),(80,30,10,64,1795830,88,'2020-10-04'),(81,31,1,65,1343330,89,'2020-10-04'),(82,32,2,66,2595830,90,'2020-10-04'),(83,3,4,67,1394170,91,'2020-10-14'),(84,4,7,68,1153330,92,'2020-10-14'),(85,5,10,69,1742500,93,'2020-10-14'),(86,11,1,70,1880830,94,'2020-10-14'),(87,12,2,71,1410830,95,'2020-10-04'),(88,13,4,72,1461670,96,'2020-10-04'),(89,14,7,73,817417,97,'2020-10-15'),(90,21,10,74,983250,98,'2020-10-15'),(91,6,1,75,1274920,99,'2020-10-15'),(92,7,2,76,767417,100,'2020-10-05'),(93,8,4,77,1091580,101,'2020-10-05'),(94,9,7,78,1216580,102,'2020-10-16'),(95,10,10,79,941667,103,'2020-10-16'),(96,23,1,80,1745000,104,'2020-10-16'),(97,2,2,81,1636670,105,'2020-10-16'),(98,3,4,82,1515000,106,'2020-10-06'),(99,4,7,83,1410830,107,'2020-10-06'),(100,5,10,84,1410830,108,'2020-10-06');
/*!40000 ALTER TABLE `sale_auto` ENABLE KEYS */;
UNLOCK TABLES;

--
-- Table structure for table `suppliers`
--

DROP TABLE IF EXISTS `suppliers`;
/*!40101 SET @saved_cs_client     = @@character_set_client */;
/*!50503 SET character_set_client = utf8mb4 */;
CREATE TABLE `suppliers` (
  `id` int unsigned NOT NULL AUTO_INCREMENT,
  `name` varchar(145) NOT NULL,
  `product_type` varchar(45) NOT NULL,
  `contract` varchar(45) NOT NULL,
  `date` date NOT NULL,
  PRIMARY KEY (`id`)
) ENGINE=InnoDB AUTO_INCREMENT=13 DEFAULT CHARSET=utf8;
/*!40101 SET character_set_client = @saved_cs_client */;

--
-- Dumping data for table `suppliers`
--

LOCK TABLES `suppliers` WRITE;
/*!40000 ALTER TABLE `suppliers` DISABLE KEYS */;
INSERT INTO `suppliers` VALUES (1,'ООО \"Ниссан Мэнуфэкчуринг Рус\"','new_car','38Д/2020','2020-01-01'),(2,'ООО \"Киа Моторс Рус\"','new_car','2516КИА','2020-01-01'),(3,'ООО \"Ниссан Мэнуфэкчуринг Рус\"','auto_parts','38Ч/2020','2020-01-01'),(4,'ООО \"Киа Моторс Рус\"','auto_parts','1718','2019-01-01'),(5,'ИП Прыгов Валерий Александрович','auto_parts','10','2019-08-15'),(6,'АО \"Вюрт Северо-Запад\"','auto_parts','56/2020','2020-03-06'),(7,'ИП Курков Виталий Сергеевич','auto_parts','б/н','2020-09-13'),(8,'ООО \"ИКСОРА\"','auto_parts','163','2019-04-05'),(9,'АО \"ВЮРТ- РУСЬ\"','auto_parts','19/2019','2019-02-15'),(10,'ООО \"Экспресс-Авто-Центр\"','auto_parts','13М','2019-02-01'),(11,'ООО \"КЕРМИ\"','auto_parts','28','2020-01-16'),(12,'ООО \"Контакт\"','auto_parts','К112','2019-10-12');
/*!40000 ALTER TABLE `suppliers` ENABLE KEYS */;
UNLOCK TABLES;

--
-- Table structure for table `warehouse`
--

DROP TABLE IF EXISTS `warehouse`;
/*!40101 SET @saved_cs_client     = @@character_set_client */;
/*!50503 SET character_set_client = utf8mb4 */;
CREATE TABLE `warehouse` (
  `id` int NOT NULL AUTO_INCREMENT,
  `name` varchar(45) NOT NULL,
  PRIMARY KEY (`id`)
) ENGINE=InnoDB AUTO_INCREMENT=5 DEFAULT CHARSET=utf8;
/*!40101 SET character_set_client = @saved_cs_client */;

--
-- Dumping data for table `warehouse`
--

LOCK TABLES `warehouse` WRITE;
/*!40000 ALTER TABLE `warehouse` DISABLE KEYS */;
INSERT INTO `warehouse` VALUES (1,'Новые автомобили'),(2,'Подержанные автомобили'),(3,'Запчасти_основной'),(4,'Запчасти_выдано');
/*!40000 ALTER TABLE `warehouse` ENABLE KEYS */;
UNLOCK TABLES;

--
-- Temporary view structure for view `warehouse_cars`
--

DROP TABLE IF EXISTS `warehouse_cars`;
/*!50001 DROP VIEW IF EXISTS `warehouse_cars`*/;
SET @saved_cs_client     = @@character_set_client;
/*!50503 SET character_set_client = utf8mb4 */;
/*!50001 CREATE VIEW `warehouse_cars` AS SELECT 
 1 AS `VIN`,
 1 AS `Register_date`,
 1 AS `Sale_date`*/;
SET character_set_client = @saved_cs_client;

--
-- Table structure for table `сustomer`
--

DROP TABLE IF EXISTS `сustomer`;
/*!40101 SET @saved_cs_client     = @@character_set_client */;
/*!50503 SET character_set_client = utf8mb4 */;
CREATE TABLE `сustomer` (
  `id` int unsigned NOT NULL AUTO_INCREMENT,
  `name` varchar(245) NOT NULL COMMENT 'Фамилия Имя Отчество, либо наименование юридического лица',
  `type` enum('физическое лицо','юридическое лицо') NOT NULL COMMENT 'Физическое лицо/юридическое лицо',
  `e-mail` varchar(145) NOT NULL,
  `phone` bigint unsigned NOT NULL,
  PRIMARY KEY (`id`),
  UNIQUE KEY `e-mail_UNIQUE` (`e-mail`),
  UNIQUE KEY `phone_UNIQUE` (`phone`)
) ENGINE=InnoDB AUTO_INCREMENT=85 DEFAULT CHARSET=utf8;
/*!40101 SET character_set_client = @saved_cs_client */;

--
-- Dumping data for table `сustomer`
--

LOCK TABLES `сustomer` WRITE;
/*!40000 ALTER TABLE `сustomer` DISABLE KEYS */;
INSERT INTO `сustomer` VALUES (1,'Помылев Илья Сергеевич','физическое лицо','a1@bd.ru',1112233),(2,'АО \"Сбербанк Лизинг\"','юридическое лицо','a2@bd.ru',1112234),(3,'Сабурин Максим Сергеевич','физическое лицо','a3@bd.ru',1112235),(4,'Попов Алексей Владимирович','физическое лицо','a4@bd.ru',1112236),(5,'Храмов Федор Сергеевич','физическое лицо','a5@bd.ru',1112237),(6,'Альмухамедов Минулла Гендуллаевич','физическое лицо','a6@bd.ru',1112238),(7,'Бердников Сергей Валентинович','физическое лицо','a7@bd.ru',1112239),(8,'Кунгурова Татьяна Викторовна','физическое лицо','a8@bd.ru',1112240),(9,'ООО \"Юником\"','юридическое лицо','a9@bd.ru',1112241),(10,'Храмцова Татьяна Николаевна','физическое лицо','a10@bd.ru',1112242),(11,'Кузнецов Алексей Викторович','физическое лицо','a11@bd.ru',1112243),(12,'Третьякова Людмила Витальевна','физическое лицо','a12@bd.ru',1112244),(13,'Пигин Юрий Васильевич','физическое лицо','a13@bd.ru',1112245),(14,'Подколзин Павел Иванович','физическое лицо','a14@bd.ru',1112246),(15,'Аверина Ангелина Анатольевна','физическое лицо','a15@bd.ru',1112247),(16,'Заулов Александр Арсеньевич','физическое лицо','a16@bd.ru',1112248),(17,'Силин Андрей Анатольевич','физическое лицо','a17@bd.ru',1112249),(18,'Егоров Александр Сергеевич','физическое лицо','a18@bd.ru',1112250),(19,'Бекчанов Руслан Раматуллович','физическое лицо','a19@bd.ru',1112251),(20,'Общество с ограниченной ответственностью «Атлас»','юридическое лицо','a20@bd.ru',1112252),(21,'Беляева Надежда Владимировна','физическое лицо','a21@bd.ru',1112253),(22,'Овчинников Алексей Николаевич','физическое лицо','a22@bd.ru',1112254),(23,'Богданова Марина Викторовна','физическое лицо','a23@bd.ru',1112255),(24,'Крутиков Роман Александрович','физическое лицо','a24@bd.ru',1112256),(25,'Колосов Александр Иннокентьевич','физическое лицо','a25@bd.ru',1112257),(26,'Буданова Наталия Александровна','физическое лицо','a26@bd.ru',1112258),(27,'Лабуздин Николай Николаевич','физическое лицо','a27@bd.ru',1112259),(28,'АО ВТБ Лизинг','юридическое лицо','a28@bd.ru',1112260),(29,'Шкарубов Виктор Николаевич','физическое лицо','a29@bd.ru',1112261),(30,'Лысяк Дмитрий Владимирович','физическое лицо','a30@bd.ru',1112262),(31,'Портной Виталий Валерьевич','физическое лицо','a31@bd.ru',1112263),(32,'Яруллин Салават Талгатович','физическое лицо','a32@bd.ru',1112264),(33,'Антропов Артем Александрович','физическое лицо','a33@bd.ru',1112265),(34,'Шавалиев Айнур Радикович','физическое лицо','a34@bd.ru',1112266),(35,'Агмалова Наджия Муктасимовна','физическое лицо','a35@bd.ru',1112267),(36,'Бузылев Александр Федорович','физическое лицо','a36@bd.ru',1112268),(37,'Серова Анна Николаевна','физическое лицо','a37@bd.ru',1112269),(38,'Харев Сергей Васильевич','физическое лицо','a38@bd.ru',1112270),(39,'Фитилин Константин Евгеньевич','физическое лицо','a39@bd.ru',1112271),(40,'Фитилин Константин Евгеньевич','физическое лицо','a40@bd.ru',1112272),(41,'Поздняков Александр Геннадьевич','физическое лицо','a41@bd.ru',1112273),(42,'Германова Екатерина Владимировна','физическое лицо','a42@bd.ru',1112274),(43,'Ахмадиев Ринат Радифович','физическое лицо','a43@bd.ru',1112275),(44,'Ларионов Юрий Анатольевич','физическое лицо','a44@bd.ru',1112276),(45,'Шулев Александр Анатольевич','физическое лицо','a45@bd.ru',1112277),(46,'АО ВТБ Лизинг','юридическое лицо','a46@bd.ru',1112278),(47,'Гатилов Владимир Александрович','физическое лицо','a47@bd.ru',1112279),(48,'Суворов Александр Александрович','физическое лицо','a48@bd.ru',1112280),(49,'Огурченков Александр Александрович','физическое лицо','a49@bd.ru',1112281),(50,'Чащин Владимир Станиславович','физическое лицо','a50@bd.ru',1112282),(51,'Шагоян Гурген Мельсович','физическое лицо','a51@bd.ru',1112283),(52,'Мудрик Владимир Петрович','физическое лицо','a52@bd.ru',1112284),(53,'Тимофеев Виктор Аркадиевич','физическое лицо','a53@bd.ru',1112285),(54,'Зайцева Анна Юрьевна','физическое лицо','a54@bd.ru',1112286),(55,'Шафиков Дамир Камильевич','физическое лицо','a55@bd.ru',1112287),(56,'Соколов Вячеслав Николаевич','физическое лицо','a56@bd.ru',1112288),(57,'Мельникова Ирина Викторовна','физическое лицо','a57@bd.ru',1112289),(58,'Мубаракшин Ильшат Ринатович','физическое лицо','a58@bd.ru',1112290),(59,'Колесников Иван Владимирович','физическое лицо','a59@bd.ru',1112291),(60,'Храброва Елена Кронидовна','физическое лицо','a60@bd.ru',1112292),(61,'Блохин Игорь Васильевич','физическое лицо','a61@bd.ru',1112293),(62,'Глотов Андрей Александрович','физическое лицо','a62@bd.ru',1112294),(63,'Абрамова Анна Анатольевна','физическое лицо','a63@bd.ru',1112295),(64,'Шаронов Сергей Петрович','физическое лицо','a64@bd.ru',1112296),(65,'Козенко Оксана Владимировна','физическое лицо','a65@bd.ru',1112297),(66,'Круглов Александр Альвинович','физическое лицо','a66@bd.ru',1112298),(67,'Богданов Вячеслав Валерьевич','физическое лицо','a67@bd.ru',1112299),(68,'Палеев Василий Васильевич','физическое лицо','a68@bd.ru',1112300),(69,'Тумакова Елена Юрьевна','физическое лицо','a69@bd.ru',1112301),(70,'Клестов Николай Альбертович','физическое лицо','a70@bd.ru',1112302),(71,'Зверева Нина Ивановна','физическое лицо','a71@bd.ru',1112303),(72,'Курочкин Рудольф Альфредович','физическое лицо','a72@bd.ru',1112304),(73,'Фахриева Загида Сайфутдинова','физическое лицо','a73@bd.ru',1112305),(74,'Васильев Владимир Александрович','физическое лицо','a74@bd.ru',1112306),(75,'Бараблина Наталья Николаевна','физическое лицо','a75@bd.ru',1112307),(76,'Паничев Александр Вячеславович','физическое лицо','a76@bd.ru',1112308),(77,'Лобанова Валентина Сергеевна','физическое лицо','a77@bd.ru',1112309),(78,'Марков Эдуард Геннадьевич','физическое лицо','a78@bd.ru',1112310),(79,'Селякова Татьяна Александровна','физическое лицо','a79@bd.ru',1112311),(80,'Костылев Виталий Николаевич','физическое лицо','a80@bd.ru',1112312),(81,'Горушкина Наталья Александровна','физическое лицо','a81@bd.ru',1112313),(82,'Савин Руслан Алексеевич','физическое лицо','a82@bd.ru',1112314),(83,'Гомзулин Юрий Николаевич','физическое лицо','a83@bd.ru',1112315),(84,'Шишлякова Екатерина Павловна','физическое лицо','a84@bd.ru',1112316);
/*!40000 ALTER TABLE `сustomer` ENABLE KEYS */;
UNLOCK TABLES;

--
-- Dumping events for database 'auto'
--

--
-- Dumping routines for database 'auto'
--

--
-- Final view structure for view `revenue`
--

/*!50001 DROP VIEW IF EXISTS `revenue`*/;
/*!50001 SET @saved_cs_client          = @@character_set_client */;
/*!50001 SET @saved_cs_results         = @@character_set_results */;
/*!50001 SET @saved_col_connection     = @@collation_connection */;
/*!50001 SET character_set_client      = utf8mb4 */;
/*!50001 SET character_set_results     = utf8mb4 */;
/*!50001 SET collation_connection      = utf8mb4_0900_ai_ci */;
/*!50001 CREATE ALGORITHM=UNDEFINED */
/*!50013 DEFINER=`root`@`localhost` SQL SECURITY DEFINER */
/*!50001 VIEW `revenue` AS select monthname(`sale_auto`.`date`) AS `monthname(sale_auto.date)`,`register_auto`.`Car_dealerships_id` AS `Car_dealerships_id`,count(`sale_auto`.`id`) AS `COUNT(sale_auto.id)`,sum(`sale_auto`.`price`) AS `SUM(sale_auto.price)` from (`sale_auto` join `register_auto` on((`register_auto`.`id` = `sale_auto`.`Register_Auto_id`))) group by `register_auto`.`Car_dealerships_id` order by monthname(`sale_auto`.`date`),`register_auto`.`Car_dealerships_id` */;
/*!50001 SET character_set_client      = @saved_cs_client */;
/*!50001 SET character_set_results     = @saved_cs_results */;
/*!50001 SET collation_connection      = @saved_col_connection */;

--
-- Final view structure for view `warehouse_cars`
--

/*!50001 DROP VIEW IF EXISTS `warehouse_cars`*/;
/*!50001 SET @saved_cs_client          = @@character_set_client */;
/*!50001 SET @saved_cs_results         = @@character_set_results */;
/*!50001 SET @saved_col_connection     = @@collation_connection */;
/*!50001 SET character_set_client      = utf8mb4 */;
/*!50001 SET character_set_results     = utf8mb4 */;
/*!50001 SET collation_connection      = utf8mb4_0900_ai_ci */;
/*!50001 CREATE ALGORITHM=UNDEFINED */
/*!50013 DEFINER=`root`@`localhost` SQL SECURITY DEFINER */
/*!50001 VIEW `warehouse_cars` AS select `register_auto`.`VIN` AS `VIN`,`register_auto`.`date` AS `Register_date`,`sale_auto`.`date` AS `Sale_date` from (`register_auto` left join `sale_auto` on((`sale_auto`.`Register_Auto_id` = `register_auto`.`id`))) where ((`sale_auto`.`date` = 0) or (`sale_auto`.`date` is null)) */;
/*!50001 SET character_set_client      = @saved_cs_client */;
/*!50001 SET character_set_results     = @saved_cs_results */;
/*!50001 SET collation_connection      = @saved_col_connection */;
/*!40103 SET TIME_ZONE=@OLD_TIME_ZONE */;

/*!40101 SET SQL_MODE=@OLD_SQL_MODE */;
/*!40014 SET FOREIGN_KEY_CHECKS=@OLD_FOREIGN_KEY_CHECKS */;
/*!40014 SET UNIQUE_CHECKS=@OLD_UNIQUE_CHECKS */;
/*!40101 SET CHARACTER_SET_CLIENT=@OLD_CHARACTER_SET_CLIENT */;
/*!40101 SET CHARACTER_SET_RESULTS=@OLD_CHARACTER_SET_RESULTS */;
/*!40101 SET COLLATION_CONNECTION=@OLD_COLLATION_CONNECTION */;
/*!40111 SET SQL_NOTES=@OLD_SQL_NOTES */;

-- Dump completed on 2021-01-21 18:03:39
